,url,score,comments
My pastor told this during a sermon once and it still kills me,https://www.reddit.com/r/Jokes/comments/17ffgxm/my_pastor_told_this_during_a_sermon_once_and_it/,1354,110
I went to a therapist to talk about my premature ejaculation.,https://www.reddit.com/r/Jokes/comments/17fexvq/i_went_to_a_therapist_to_talk_about_my_premature/,203,11
I'm drunk and I might've made up a joke?,https://www.reddit.com/r/Jokes/comments/17fir2w/im_drunk_and_i_mightve_made_up_a_joke/,88,18
A shepherd is tending his flock in a remote pasture…,https://www.reddit.com/r/Jokes/comments/17ezr6c/a_shepherd_is_tending_his_flock_in_a_remote/,1932,84
The guys were on a bike tour. ...,https://www.reddit.com/r/Jokes/comments/17f735d/the_guys_were_on_a_bike_tour/,497,12
Horse and chicken are hanging in farmer Brown's yard.,https://www.reddit.com/r/Jokes/comments/17f1kjw/horse_and_chicken_are_hanging_in_farmer_browns/,845,19
A long time ago there was a fishing village...,https://www.reddit.com/r/Jokes/comments/17fhnnq/a_long_time_ago_there_was_a_fishing_village/,49,4
My buddies always ask me how I can get fat girls to bed so quick.,https://www.reddit.com/r/Jokes/comments/17ffxmm/my_buddies_always_ask_me_how_i_can_get_fat_girls/,45,15
A police officer pulls over an elderly female for speeding while driving her husband to a doctors appointment.,https://www.reddit.com/r/Jokes/comments/17f5ne5/a_police_officer_pulls_over_an_elderly_female_for/,292,7
My wife said the sex after my vasectomy changed dramatically...,https://www.reddit.com/r/Jokes/comments/17f4wyk/my_wife_said_the_sex_after_my_vasectomy_changed/,339,35
Is the glass 1/2 empty or 1/2 full?,https://www.reddit.com/r/Jokes/comments/17few6z/is_the_glass_12_empty_or_12_full/,50,10
The Bull,https://www.reddit.com/r/Jokes/comments/17f8hml/the_bull/,113,3
Two dudes meet in a bar...,https://www.reddit.com/r/Jokes/comments/17ex5g1/two_dudes_meet_in_a_bar/,789,33
Why did the sperm cross the road?,https://www.reddit.com/r/Jokes/comments/17f56zk/why_did_the_sperm_cross_the_road/,218,21
A guy that I went to school with over 30 years ago called me to complain about the time I put glue on his pen,https://www.reddit.com/r/Jokes/comments/17f819h/a_guy_that_i_went_to_school_with_over_30_years/,97,4
The boss's wife is jealous of the young sexy secretary.,https://www.reddit.com/r/Jokes/comments/17eqbqa/the_bosss_wife_is_jealous_of_the_young_sexy/,1384,27
My mother was horrified when I told her on the phone that I was about to meet my maker.,https://www.reddit.com/r/Jokes/comments/17fbogg/my_mother_was_horrified_when_i_told_her_on_the/,38,4
"After a hour of labor, a woman gives birth to a beautiful baby boy..",https://www.reddit.com/r/Jokes/comments/17fh2ha/after_a_hour_of_labor_a_woman_gives_birth_to_a/,16,6
Life lesson,https://www.reddit.com/r/Jokes/comments/17f17jt/life_lesson/,184,8
I'm not eating leftover thanksgiving food this year.,https://www.reddit.com/r/Jokes/comments/17fcomo/im_not_eating_leftover_thanksgiving_food_this_year/,20,2
Was driving down the road the other day and saw my ex,https://www.reddit.com/r/Jokes/comments/17fknva/was_driving_down_the_road_the_other_day_and_saw/,6,0
If you're the type of person who hoards magazines...,https://www.reddit.com/r/Jokes/comments/17f82vp/if_youre_the_type_of_person_who_hoards_magazines/,43,9
Two campers are walking through the woods when a huge brown bear suddenly appears in the clearing about 50 feet in front of them,https://www.reddit.com/r/Jokes/comments/17eutl8/two_campers_are_walking_through_the_woods_when_a/,336,54
What do you call a word with loose vowels?,https://www.reddit.com/r/Jokes/comments/17f2sil/what_do_you_call_a_word_with_loose_vowels/,63,8
"I told my wife about a company offering personalized concrete busts, and asked her if she wanted to buy some.",https://www.reddit.com/r/Jokes/comments/17em5j4/i_told_my_wife_about_a_company_offering/,612,32
"A young punctuation couple, Mr. Apostrophe and Mrs. Comma…",https://www.reddit.com/r/Jokes/comments/17ehuxq/a_young_punctuation_couple_mr_apostrophe_and_mrs/,1121,65
Are you worried about the rise of artificial intelligence?,https://www.reddit.com/r/Jokes/comments/17fhi08/are_you_worried_about_the_rise_of_artificial/,6,8
What did the sheep hearder say to his dog?,https://www.reddit.com/r/Jokes/comments/17fe3g0/what_did_the_sheep_hearder_say_to_his_dog/,8,2
I'm A Security Guard And My Boss Told Me It Was My Responsibility To Watch The Office Every Night,https://www.reddit.com/r/Jokes/comments/17eltaw/im_a_security_guard_and_my_boss_told_me_it_was_my/,433,12
Why did so many people in the old west have miniature dauchshunds?,https://www.reddit.com/r/Jokes/comments/17fl5x7/why_did_so_many_people_in_the_old_west_have/,1,0
Two horses are talking before a race,https://www.reddit.com/r/Jokes/comments/17f7pcp/two_horses_are_talking_before_a_race/,16,1
A man was headed into town to on a Friday night in his old pick up truck,https://www.reddit.com/r/Jokes/comments/17evmia/a_man_was_headed_into_town_to_on_a_friday_night/,113,2
Why was the Movie Director arrested?,https://www.reddit.com/r/Jokes/comments/17fat5y/why_was_the_movie_director_arrested/,9,1
I conducted a local survey about which shampoo women prefer to use...,https://www.reddit.com/r/Jokes/comments/17f1cl8/i_conducted_a_local_survey_about_which_shampoo/,46,6
"""Oh dear...this is just what I was afraid of"", the doctor said as he looked over my x-rays",https://www.reddit.com/r/Jokes/comments/17eloi4/oh_dearthis_is_just_what_i_was_afraid_of_the/,334,19
My Boomer Tax Professor Made a Joke,https://www.reddit.com/r/Jokes/comments/17fg675/my_boomer_tax_professor_made_a_joke/,1,1
Why did the archaeopterix get the worm?,https://www.reddit.com/r/Jokes/comments/17f5ul2/why_did_the_archaeopterix_get_the_worm/,18,5
Titles of books you probably don't want your kid to read.,https://www.reddit.com/r/Jokes/comments/17ekx2k/titles_of_books_you_probably_dont_want_your_kid/,344,130
A woman meets her husband's new young secretary.,https://www.reddit.com/r/Jokes/comments/17etsvd/a_woman_meets_her_husbands_new_young_secretary/,92,3
"I think I sent my son to a rough school, I asked him what do you use to end a sentence",https://www.reddit.com/r/Jokes/comments/17flj10/i_think_i_sent_my_son_to_a_rough_school_i_asked/,1,0
I've been hitting the gym for the last 3 hours.,https://www.reddit.com/r/Jokes/comments/17eyumb/ive_been_hitting_the_gym_for_the_last_3_hours/,38,9
What's the favourite holiday of Ukrainians?,https://www.reddit.com/r/Jokes/comments/17fknh8/whats_the_favourite_holiday_of_ukrainians/,0,1
My Aunt Betty lost both her feet in a tragic accident but she's still taller than her sister Susan which means Betty is...,https://www.reddit.com/r/Jokes/comments/17f4nr6/my_aunt_betty_lost_both_her_feet_in_a_tragic/,10,3
Seen on X. Credit to @614clinton,https://www.reddit.com/r/Jokes/comments/17e33za/seen_on_x_credit_to_614clinton/,3090,163
A man was riding on a bus minding his own business...,https://www.reddit.com/r/Jokes/comments/17e3fk4/a_man_was_riding_on_a_bus_minding_his_own_business/,2582,31
Park or?,https://www.reddit.com/r/Jokes/comments/17f23ez/park_or/,10,9
What do you call an illegally parked frog?,https://www.reddit.com/r/Jokes/comments/17el3mh/what_do_you_call_an_illegally_parked_frog/,79,7
"Whenever I open my mouth people get angry, so I just want to ask",https://www.reddit.com/r/Jokes/comments/17fkmu0/whenever_i_open_my_mouth_people_get_angry_so_i/,0,2
I'm opening a new cannabis dispensary inside my party store,https://www.reddit.com/r/Jokes/comments/17fc0sb/im_opening_a_new_cannabis_dispensary_inside_my/,0,1
What did the priest say in frustration when he had trouble making his bed?,https://www.reddit.com/r/Jokes/comments/17eztrd/what_did_the_priest_say_in_frustration_when_he/,8,2
What is a mathematician's favorite hockey team?,https://www.reddit.com/r/Jokes/comments/17et2iy/what_is_a_mathematicians_favorite_hockey_team/,21,2
"I met a beautiful, strong willed woman.",https://www.reddit.com/r/Jokes/comments/17e5sbo/i_met_a_beautiful_strong_willed_woman/,839,50
My friend had recently lost it all and started giving blows behind Wendy’s.,https://www.reddit.com/r/Jokes/comments/17e4qb8/my_friend_had_recently_lost_it_all_and_started/,857,67
Why is it hard to get Indian Food in Afghanistan???,https://www.reddit.com/r/Jokes/comments/17ejzhw/why_is_it_hard_to_get_indian_food_in_afghanistan/,40,2
Hello and welcome to the mental health hotline,https://www.reddit.com/r/Jokes/comments/17eqtbc/hello_and_welcome_to_the_mental_health_hotline/,16,2
What coding language do you think God uses?,https://www.reddit.com/r/Jokes/comments/17eaa20/what_coding_language_do_you_think_god_uses/,233,139
Opposites attract.,https://www.reddit.com/r/Jokes/comments/17eixin/opposites_attract/,32,3
I told my wife to embrace her mistakes...,https://www.reddit.com/r/Jokes/comments/17e91ev/i_told_my_wife_to_embrace_her_mistakes/,210,6
Have you heard the joke about the bed?,https://www.reddit.com/r/Jokes/comments/17ekuar/have_you_heard_the_joke_about_the_bed/,21,5
My new girlfriend has the same first name as my sister.,https://www.reddit.com/r/Jokes/comments/17drysz/my_new_girlfriend_has_the_same_first_name_as_my/,1616,112
Which sexual position makes the ugliest kids?,https://www.reddit.com/r/Jokes/comments/17dz6mw/which_sexual_position_makes_the_ugliest_kids/,525,68
Difficulties of Octogenarianism,https://www.reddit.com/r/Jokes/comments/17e88fv/difficulties_of_octogenarianism/,145,5
What's the difference between a circus and a brothel?,https://www.reddit.com/r/Jokes/comments/17dwpz4/whats_the_difference_between_a_circus_and_a/,712,102
How do American cops like their coffee?,https://www.reddit.com/r/Jokes/comments/17fie3o/how_do_american_cops_like_their_coffee/,0,3
An Egyptian mummy walks into a bar,https://www.reddit.com/r/Jokes/comments/17echpr/an_egyptian_mummy_walks_into_a_bar/,41,7
"If you have bad credit, make friends with a trigonometrist.",https://www.reddit.com/r/Jokes/comments/17ecdh7/if_you_have_bad_credit_make_friends_with_a/,33,7
"I ordered the wrong canvas for my boat’s mast, but I think it’s too late to cancel.",https://www.reddit.com/r/Jokes/comments/17e3548/i_ordered_the_wrong_canvas_for_my_boats_mast_but/,133,9
"The Pope calls a huge meeting of all the Cardinals, Bishops &amp; and Arch-Bishops to Vatican City…",https://www.reddit.com/r/Jokes/comments/17dt6z7/the_pope_calls_a_huge_meeting_of_all_the/,446,63
What did the imaginary girlfriend say?,https://www.reddit.com/r/Jokes/comments/17ec02f/what_did_the_imaginary_girlfriend_say/,27,9
I tried to rob a bank by blowing up the safe. Things were going well but there was just one problem.,https://www.reddit.com/r/Jokes/comments/17du5u4/i_tried_to_rob_a_bank_by_blowing_up_the_safe/,359,27
How did Canada get it's name?,https://www.reddit.com/r/Jokes/comments/17e3bhc/how_did_canada_get_its_name/,99,27
What do you call a virus that encourages you to try goods and services on social media?,https://www.reddit.com/r/Jokes/comments/17e41vw/what_do_you_call_a_virus_that_encourages_you_to/,87,6
What brand of sports clothing do personal organizers wear?,https://www.reddit.com/r/Jokes/comments/17egglh/what_brand_of_sports_clothing_do_personal/,8,1
"Hot, sun-baked desert.",https://www.reddit.com/r/Jokes/comments/17euuoh/hot_sunbaked_desert/,0,1
I don't just like Australian cars,https://www.reddit.com/r/Jokes/comments/17ehloc/i_dont_just_like_australian_cars/,6,11
What's the difference between a Hippo and a Zippo?,https://www.reddit.com/r/Jokes/comments/17e6hq8/whats_the_difference_between_a_hippo_and_a_zippo/,45,2
there was a man in prison who could shoot electricity from his fingers and stuff.,https://www.reddit.com/r/Jokes/comments/17e60o3/there_was_a_man_in_prison_who_could_shoot/,47,13
I was by her bedside.,https://www.reddit.com/r/Jokes/comments/17dy2xw/i_was_by_her_bedside/,116,7
"Some say that iOS is better, while some say that Android is better. But at the end of the day...",https://www.reddit.com/r/Jokes/comments/17dxf68/some_say_that_ios_is_better_while_some_say_that/,119,17
What kind of soup does a vampire make?,https://www.reddit.com/r/Jokes/comments/17ecafe/what_kind_of_soup_does_a_vampire_make/,14,5
Why are runners bad in bed?,https://www.reddit.com/r/Jokes/comments/17ejani/why_are_runners_bad_in_bed/,4,5
Rage Against The Machine’s tour bus broke down…,https://www.reddit.com/r/Jokes/comments/17f2lb2/rage_against_the_machines_tour_bus_broke_down/,0,1
A jew walks into a bar...,https://www.reddit.com/r/Jokes/comments/17e56b7/a_jew_walks_into_a_bar/,36,13
The Mother Superior assembles all the nuns in the refectory,https://www.reddit.com/r/Jokes/comments/17dnzqs/the_mother_superior_assembles_all_the_nuns_in_the/,438,26
Apparently the clocks are going back next week,https://www.reddit.com/r/Jokes/comments/17e956f/apparently_the_clocks_are_going_back_next_week/,13,5
Why don't witches get sweaty at the gym?,https://www.reddit.com/r/Jokes/comments/17eb58i/why_dont_witches_get_sweaty_at_the_gym/,11,4
Why was the rabbit disappointed when she saw the gold?,https://www.reddit.com/r/Jokes/comments/17e12cu/why_was_the_rabbit_disappointed_when_she_saw_the/,34,6
What do you call a slut who keeps track of how many men she has slept with?,https://www.reddit.com/r/Jokes/comments/17dbju3/what_do_you_call_a_slut_who_keeps_track_of_how/,1677,201
Why was the JPEG sad?,https://www.reddit.com/r/Jokes/comments/17e0jkn/why_was_the_jpeg_sad/,28,16
Cybersecurity experts have found an easy way to spot North Korean hackers. They never use the shift key.,https://www.reddit.com/r/Jokes/comments/17dhs4t/cybersecurity_experts_have_found_an_easy_way_to/,542,45
Why was the keyboard exhausted after work?,https://www.reddit.com/r/Jokes/comments/17dqtpt/why_was_the_keyboard_exhausted_after_work/,87,10
What is the difference between a violin and a viola?,https://www.reddit.com/r/Jokes/comments/17e2w63/what_is_the_difference_between_a_violin_and_a/,11,4
The Mystery Machine Crew.,https://www.reddit.com/r/Jokes/comments/17e82jr/the_mystery_machine_crew/,5,0
I don’t trust stairs...,https://www.reddit.com/r/Jokes/comments/17e7zgq/i_dont_trust_stairs/,7,1
"The sleeper, the pastor and Adam's stick",https://www.reddit.com/r/Jokes/comments/17d97xq/the_sleeper_the_pastor_and_adams_stick/,1512,19
What is the difference between a trampoline and a trombone?,https://www.reddit.com/r/Jokes/comments/17e2xm4/what_is_the_difference_between_a_trampoline_and_a/,12,9
Better if told in person...,https://www.reddit.com/r/Jokes/comments/17dhdo9/better_if_told_in_person/,419,12
What do you call a fake spaghetti?,https://www.reddit.com/r/Jokes/comments/17dx2x0/what_do_you_call_a_fake_spaghetti/,23,4
Why doesn't Water visit Ice?,https://www.reddit.com/r/Jokes/comments/17e8xnx/why_doesnt_water_visit_ice/,5,3
An old man walks into a confessional.,https://www.reddit.com/r/Jokes/comments/17dyqa5/an_old_man_walks_into_a_confessional/,15,2
